30.1118,29.82,31.5231,2.56723e+08,0.00121789,41,197224,0,0,0,187.086
30.1231,29.8143,31.5194,2.98956e+07,0.000594733,41,367.39,2,48,1,0.0007861
30.1162,29.8021,31.5123,8.06707e+06,0.000384319,41,0,9,57,0,0
30.6724,29.8166,30.9693,2.16387e+08,0.00115044,41,149095,1000000,0,0,214.026
30.6677,29.7985,30.9721,2.11168e+07,0.000529658,41,31463.8,1000005,50,2,11.3138
30.6065,30.4494,30.9118,1.35242e+08,0.000983611,41,101777,2000000,0,0,89.7737
30.5921,30.4408,30.9181,2.3964e+07,0.000552466,41,43239.8,2000006,41,1,37.9396
30.617,30.4594,30.9095,1.13888e+07,0.000431134,41,0,2000002,40,2,0
30.826,30.8643,30.5839,2.38453e+08,0.00118828,41,161507,3000000,0,0,111.878
30.3479,28.594,30.6847,8.16197e+07,0.000831224,41,1044.48,4000000,0,0,0
30.3483,28.5975,30.6979,2.15913e+07,0.000533596,41,0,4000007,42,2,0
30.363,28.561,30.682,9.84657e+07,0.000884873,41,12613.6,4000004,37,0,0
30.3227,28.6517,30.6933,7.59253e+07,0.000811425,41,0,5000000,0,0,0
30.3255,29.315,30.9965,1.20531e+08,0.000946571,41,95661.3,6000000,0,0,53.7885
30.9102,29.8477,29.9828,1.30022e+08,0.00097079,41,291432,7000000,0,0,677.839
30.9155,29.8467,30.0039,1.0677e+07,0.000421958,41,0,7000003,40,2,0
30.8232,29.5475,30.2707,1.13651e+08,0.000928204,41,0,8000002,0,0,0
29.4594,29.734,30.5412,1.09854e+08,0.000917752,41,33250.9,9000000,0,0,18.1663
29.4592,29.735,30.5581,5.69441e+06,0.000342191,41,2462.64,9000005,47,2,0
30.8313,29.5199,30.2719,1.16023e+08,0.000934619,41,201152,10000000,0,0,399.437
30.7297,30.9058,30.3398,7.90098e+07,0.000822268,41,46472.9,11000000,0,0,2.4912
30.7315,30.9048,30.3519,1.35242e+07,0.000456552,41,20377.3,11000003,25,2,6.67596
29.5463,30.0593,30.706,8.77887e+07,0.000851659,41,27589.5,12000000,0,0,12.6654
29.5481,30.0544,30.6947,1.04397e+07,0.000418809,41,39969.6,12000002,32,2,0
30.8176,28.9657,30.7528,1.30971e+08,0.000973146,41,98983.2,13000000,0,0,58.1171
30.6818,30.8672,30.288,1.07719e+08,0.000911767,41,92334,14000000,0,0,124.07
30.6888,30.8805,30.2866,7.28409e+07,0.000800285,41,206467,14000002,37,0,631.391
30.868,29.6329,30.3571,5.40968e+07,0.000724731,41,0,15000000,0,0,0
30.8666,29.62,30.3621,1.7795e+07,0.000500287,41,20468.6,15000001,15,1,4.84257
30.724,30.9262,30.3168,1.00364e+08,0.000890523,41,291329,16000000,0,0,1308.51
31.026,29.2205,30.8814,6.97564e+07,0.000788825,41,17771.1,17000000,0,0,2.19609
30.9451,29.9195,30.1027,7.21291e+07,0.000797669,41,60027.6,18000000,0,0,28.9772
30.9478,29.9229,30.1063,6.40621e+06,0.000355893,41,0,18000002,22,1,0
30.306,28.749,30.7175,6.31129e+07,0.000762943,41,85986.3,19000000,0,0,118.644
29.1737,29.7819,30.9386,7.54508e+07,0.000809731,41,58515.4,20000000,0,0,30.5458
30.8757,29.923,29.9455,4.9826e+07,0.000705134,41,0,21000000,0,0,0
30.8832,29.9318,29.9275,1.44733e+07,0.000466991,41,0,21000001,22,1,0
30.2733,29.3092,30.5874,7.45017e+07,0.000806322,41,96067.2,22000000,0,0,104.31
30.8123,29.8271,31.0009,5.36223e+07,0.000722606,41,0,23000000,0,0,0
28.8498,29.867,30.7955,7.45017e+07,0.000806322,41,88904.4,24000001,0,0,100.767
30.6749,30.8872,30.4389,7.07055e+07,0.000792387,41,55900.9,25000000,0,0,74.018
30.9189,29.897,30.0921,5.86049e+07,0.000744328,41,58335.2,26000000,0,0,80.1154
30.9519,30.1164,31.0342,5.26732e+07,0.000718317,41,153095,27000000,0,0,509.472
30.9606,30.1357,31.0424,9.96521e+06,0.000412365,41,0,27000002,37,1,0
30.269,29.3391,30.8931,3.08447e+07,0.000600961,41,18071.5,28000000,0,0,0
30.2741,29.3456,30.8863,1.73205e+07,0.0004958,41,3034.32,28000001,22,1,0.325229
30.6177,30.4931,30.9326,7.18918e+07,0.000796794,41,117440,29000000,0,0,270.252
30.697,30.9048,30.38,6.80955e+07,0.000782515,41,19484.2,30000000,0,0,18.5692
30.6995,30.9096,30.3761,6.64348e+06,0.000360234,41,0,30000001,22,1,0
30.8941,29.2024,30.8116,6.83328e+07,0.000783422,41,7925.18,31000000,0,0,0.295835
30.2628,28.8023,30.7226,4.31825e+07,0.000672288,41,20643.3,32000000,0,0,9.07089
31.116,29.2455,30.8294,4.55552e+07,0.000684382,41,16090.2,33000000,0,0,5.23449
31.1084,29.246,30.8239,1.92186e+07,0.000513287,41,6516.15,33000002,17,1,0.622478
30.2613,29.3494,30.8689,6.64347e+07,0.0007761,41,139328,34000000,0,0,322.43
30.5915,30.027,30.8775,3.44037e+07,0.000623239,41,33420.9,35000000,0,0,13.4047
30.5975,30.0153,30.8782,6.40621e+06,0.000355893,41,0,35000001,26,1,0
30.7118,30.8714,30.4706,5.81303e+07,0.000742313,41,27334.8,36000000,0,0,5.99786
30.7277,30.8726,30.4862,1.56596e+07,0.000479417,41,0,36000002,22,0,0
30.1155,29.5938,31.733,6.19266e+07,0.000758133,41,16983.5,37000000,0,0,3.44603
30.8115,29.7228,29.5009,6.45365e+07,0.000768637,41,46503.3,38000000,0,0,38.6782
31.0285,28.2394,31.3305,2.36792e+08,0.00118552,41,174997,39000000,0,0,134.581
30.7286,30.948,30.2985,6.02657e+07,0.000751294,41,32018.8,40000000,0,0,13.7159
30.6048,30.3724,30.9441,5.48086e+07,0.000727896,41,7613.14,41000000,0,0,1.22503
31.1706,29.0236,31.6146,5.43341e+07,0.000725789,41,74425.6,42000000,0,0,54.269
30.3927,29.467,30.8066,4.34198e+07,0.000673517,41,12980.1,43000000,0,0,1.86763
30.8456,29.7637,29.3882,4.95887e+07,0.000704013,41,31968.7,44000000,0,0,10.505
30.5406,29.677,30.9352,2.65739e+07,0.000571835,41,0,45000000,0,0,0
30.5283,29.6759,30.9345,1.28124e+07,0.000448397,41,0,45000002,19,0,0
30.3051,28.6734,30.6609,4.57925e+07,0.000685569,41,0,46000003,0,0,0
30.308,28.6693,30.6632,6.64348e+06,0.000360234,41,0,46000000,11,1,0
30.5986,29.1169,30.5599,4.22335e+07,0.000667327,41,54151.2,47000000,0,0,70.0142
30.8506,29.8777,29.8428,4.88769e+07,0.000700628,41,105425,48000000,0,0,223.607
30.7321,30.5533,29.8191,4.24707e+07,0.000668574,41,72200.3,49000000,0,0,86.4
28.949,29.8458,30.7811,3.84372e+07,0.000646701,41,0,50000000,0,0,0
30.9202,29.844,30.0482,4.91142e+07,0.00070176,41,50063.1,51000000,0,0,21.782
29.4938,29.4766,30.3136,3.48782e+07,0.000626091,41,5804,52000000,0,0,0.587246
30.7441,29.8309,30.9909,4.19962e+07,0.000666075,41,1901.34,53000000,0,0,0.0587103
31.4261,28.6294,31.72,5.03005e+07,0.000707365,41,6548.39,54000000,0,0,0
28.79,30.0883,31.2348,4.53179e+07,0.000683192,41,45772.2,55000000,0,0,45.9104
30.3394,29.3226,31.039,4.95887e+07,0.000704013,41,26585.3,56000000,0,0,6.95825
30.7304,30.967,30.2806,3.36919e+07,0.000618911,41,34025.1,57000000,0,0,11.6981
30.8192,29.5592,30.2958,2.15913e+07,0.000533596,41,0,58000000,0,0,0
30.885,30.0133,29.9627,4.31825e+07,0.000672288,41,120580,59000000,0,0,146.68
30.848,29.8707,29.7987,4.43689e+07,0.000678389,41,55916.4,60000000,0,0,48.2416
30.1326,29.1496,31.1386,4.67415e+07,0.000690272,41,74910.7,61000000,0,0,164.09
30.2336,29.5895,31.7944,4.53179e+07,0.000683192,41,96186.5,62000000,0,0,223.307
30.2365,29.584,31.7836,3.48782e+07,0.000626091,41,356.562,62000001,37,0,0.000821498
31.2105,28.8939,31.6621,3.13192e+07,0.000604027,41,0,63000000,0,0,0
30.2424,28.9911,30.9836,3.41664e+07,0.000621803,41,56611.1,64000000,0,0,62.2628
30.4393,29.0925,30.9103,4.24707e+07,0.000668574,41,39759.1,65000000,0,0,15.6254
30.7755,30.8932,30.3853,2.18285e+07,0.000535543,41,0,66000000,0,0,0
30.7622,30.8956,30.39,7.59254e+06,0.00037663,41,0,66000001,11,1,0
30.6222,29.9663,30.8877,3.51155e+07,0.000627508,41,0,67000000,0,0,0
30.6185,28.5972,30.5403,3.32173e+07,0.000615991,41,35376.7,68000000,0,0,51.6481
30.7174,30.6263,31.1013,3.72509e+07,0.000639978,41,0,69000000,0,0,0
30.5159,30.4261,30.8707,3.53527e+07,0.000628918,41,5250.02,70000000,0,0,0.262772
30.527,29.3818,31.3108,4.19962e+07,0.000666075,41,96264,71000000,0,0,215.285
30.8554,29.0459,30.7526,3.29801e+07,0.000614521,41,0,72000001,0,0,0
31.2338,28.7582,31.5534,3.81999e+07,0.000645367,41,64612.9,73000000,0,0,179.23
28.9142,29.8385,30.8103,3.79627e+07,0.000644029,41,32526.9,74000000,0,0,27.3791
30.5192,29.8777,29.785,3.70136e+07,0.000638616,41,84006.1,75000000,0,0,133.704
31.1314,28.2648,31.3159,7.61626e+07,0.000812269,41,84472.7,76000000,0,0,136.211
29.9743,29.2746,30.8693,3.51155e+07,0.000627508,41,15146.8,77000000,0,0,7.70329
28.8511,29.8216,30.7038,3.559e+07,0.000630322,41,0,78000000,0,0,0
30.456,30.4263,30.6254,3.51155e+07,0.000627508,41,49687.2,79000000,0,0,35.6629
30.7069,29.1627,30.9863,2.34894e+07,0.000548795,41,8893.4,80000000,0,0,7.92909
30.7054,29.1509,30.9872,6.40621e+06,0.000355893,41,0,80000002,16,1,0
29.9518,29.2694,30.8467,3.51155e+07,0.000627508,41,41710.3,81000000,0,0,61.8222
29.6451,30.3513,31.1086,3.2031e+07,0.000608569,41,15235,82000000,0,0,4.38704
31.1447,29.0322,31.5723,2.75229e+07,0.000578564,41,0,83000000,0,0,0
29.3131,29.7165,30.7242,2.65739e+07,0.000571835,41,17562.2,84000000,0,0,8.45439
30.7035,30.8864,30.4591,2.53875e+07,0.000563196,41,157.93,85000000,0,0,0.000720528
30.9495,29.7984,29.7187,2.75229e+07,0.000578564,41,0,86000000,0,0,0
30.9512,29.7977,29.7115,5.93167e+06,0.00034688,41,0,86000001,11,1,0
30.704,28.8865,30.7599,2.77602e+07,0.000580221,41,34370.6,87000000,0,0,52.6637
29.6379,30.5035,28.9406,2.75229e+07,0.000578564,41,0,88000000,0,0,0
31.0302,29.1902,30.8908,3.29801e+07,0.000614521,41,8518.54,89000000,0,0,0
31.6584,29.5065,31.684,2.8472e+07,0.000585139,41,0,90000000,0,0,0
29.1964,29.6488,30.9982,2.46757e+07,0.000557883,41,1786.17,91000000,0,0,0.23107
29.2011,29.6478,30.9912,7.35528e+06,0.000372666,41,0,91000001,12,1,0
29.1408,29.3461,29.7716,3.01329e+07,0.000596302,41,13408.3,92000000,0,0,3.61757
30.2502,28.7895,30.7272,3.27428e+07,0.000613044,41,0,93000000,0,0,0
30.2383,28.7767,30.7306,1.49478e+07,0.00047204,41,0,93000002,22,0,0
30.9035,29.8572,29.968,2.77602e+07,0.000580221,41,12221.3,94000000,0,0,4.77978
29.7986,29.5058,31.0166,2.72857e+07,0.000576896,41,1476.85,95000000,0,0,0.0376323
29.4687,29.7993,32.8324,2.98956e+07,0.000594733,41,14267.1,96000000,0,0,2.81739
30.8133,29.9396,29.9496,2.8472e+07,0.000585139,41,5598.5,97000000,0,0,1.99557
30.7141,30.5438,30.8937,2.60993e+07,0.000568411,41,27469.3,98000000,0,0,21.6062
29.2438,29.7868,30.9208,2.44385e+07,0.000556089,41,0,99000000,0,0,0
30.6377,30.4916,30.9207,3.44037e+07,0.000623239,41,4239.87,100000000,0,0,0.195223
31.2193,28.7135,31.4625,2.96583e+07,0.000593155,41,6737.59,101000000,0,0,0.879377
30.6946,30.8954,30.3733,1.37615e+07,0.000459206,41,0,102000000,0,0,0
30.9148,29.8431,30.0685,2.56248e+07,0.000564945,41,0,103000000,0,0,0
30.1955,29.5715,30.7171,2.75229e+07,0.000578564,41,40753.9,104000000,0,0,54.6458
29.4305,29.7354,30.6043,2.79975e+07,0.00058187,41,0,105000000,0,0,0
28.9979,30.4392,31.7934,2.44385e+07,0.000556089,41,0,106000000,0,0,0
30.5875,30.4211,30.908,2.87093e+07,0.00058676,41,28195.4,107000000,0,0,36.2118
30.6273,29.9462,30.8924,2.42012e+07,0.000554283,41,4736.91,108000001,0,0,0.421317
30.9132,29.2029,30.8332,2.91838e+07,0.000589975,41,18622.8,109000000,0,0,12.8191
31.743,29.5102,31.711,2.32521e+07,0.000546941,41,0,110000000,0,0,0
30.425,28.1996,30.5604,2.18285e+07,0.000535543,41,0,111000000,0,0,0
30.8453,29.2662,30.4222,1.80323e+07,0.0005025,41,0,112000000,0,0,0
30.2394,29.1445,30.0636,2.96583e+07,0.000593155,41,64628.5,113000000,0,0,256.105
30.6031,28.7021,31.0067,2.32521e+07,0.000546941,41,0,114000000,0,0,0
30.785,29.8942,29.8249,2.08795e+07,0.000527666,41,0,115000001,0,0,0
30.8161,29.9238,29.886,1.02025e+07,0.000415612,41,0,116000000,0,0,0
30.8192,29.9233,29.9015,7.82981e+06,0.000380513,41,0,116000001,9,1,0
30.7597,29.3994,30.8165,2.58621e+07,0.000566684,41,12040.3,117000000,0,0,3.692
29.578,30.3366,30.1827,2.68111e+07,0.000573532,41,19120.4,118000000,0,0,11.6886
30.597,30.9144,30.4256,2.82347e+07,0.000583509,41,0,119000000,0,0,0
30.6477,29.2528,31.8892,1.25751e+07,0.000445612,41,1964.83,120000000,0,0,0
30.4679,29.2572,31.8359,2.72857e+07,0.000576896,41,4607.33,121000000,0,0,0.489746
28.8629,29.8855,30.7345,2.72857e+07,0.000576896,41,27638.6,122000000,0,0,17.8877
30.5587,30.4662,30.8097,2.77602e+07,0.000580221,41,0,123000000,0,0,0
30.8201,28.7619,30.8722,1.82695e+07,0.000504695,41,0,124000000,0,0,0
29.778,29.5314,31.0348,3.08447e+07,0.000600961,41,23463.4,125000000,0,0,9.12192
29.31,30.0003,32.7384,2.32521e+07,0.000546941,41,0,126000000,0,0,0
29.2746,29.5254,29.9229,2.56248e+07,0.000564945,41,34153.4,127000000,0,0,45.3357
30.1013,29.5524,30.84,2.20658e+07,0.000537476,41,0,128000000,0,0,0
31.5116,28.8114,31.5386,2.58621e+07,0.000566684,41,36254.3,129000000,0,0,34.3743
30.739,29.3534,30.4674,5.93167e+06,0.000346879,41,0,130000001,0,0,0
30.7292,29.3455,30.4696,5.69441e+06,0.000342191,41,0,130000000,1,1,0
30.1485,29.8912,30.896,2.15913e+07,0.000533596,41,1645.1,131000000,0,0,0.0612693
30.6758,30.2628,30.981,2.8472e+07,0.000585139,41,0,132000000,0,0,0
30.6725,30.2424,30.9693,1.21006e+07,0.000439935,41,1422.5,132000001,16,0,0
29.084,29.6201,29.9467,1.63714e+07,0.000486573,41,0,133000000,0,0,0
30.8478,29.6233,30.2525,2.58621e+07,0.000566684,41,2193.28,134000000,0,0,0.359975
30.9139,29.8248,29.9059,2.70484e+07,0.000575219,41,3064.99,135000000,0,0,0.257026
31.2373,29.2428,30.8726,2.39639e+07,0.000552466,41,0,136000000,0,0,0
29.0078,29.7558,31.9986,2.60993e+07,0.000568411,41,21365.4,137000000,0,0,16.857
30.1363,29.141,31.1447,1.94559e+07,0.00051539,41,295.366,138000000,0,0,0
30.9491,29.9521,30.1527,1.87441e+07,0.000509027,41,0,139000000,0,0,0
30.4607,29.0573,31.765,2.25403e+07,0.000541302,41,0,140000000,0,0,0
30.62,28.6257,30.5427,2.46757e+07,0.000557883,41,0,141000000,0,0,0
30.3353,30.6215,30.4916,2.56248e+07,0.000564945,41,3882.18,142000000,0,0,0
30.6695,30.7708,30.005,1.99304e+07,0.000519547,41,2989.48,143000000,0,0,0.0820876
30.6337,30.6529,29.9155,1.68459e+07,0.00049123,41,0,144000000,0,0,0
31.2524,28.7208,31.5575,1.51851e+07,0.000474524,41,0,145000000,0,0,0
30.1088,29.3006,30.8696,2.04049e+07,0.000523638,41,6348.42,146000000,0,0,2.79311
30.293,28.7765,30.722,2.34894e+07,0.000548795,41,1650.88,147000000,0,0,0
30.6537,29.8693,30.8786,2.37267e+07,0.000550637,41,5.07784,148000000,0,0,0
30.8035,29.5041,30.2921,2.25403e+07,0.000541302,41,0,149000000,0,0,0
29.0152,29.6607,29.8811,1.96931e+07,0.000517477,41,0,150000000,0,0,0
30.2097,29.1912,30.8017,2.37267e+07,0.000550637,41,1516.09,151000000,0,0,0.0327807
30.31,29.3101,30.9763,1.49478e+07,0.00047204,41,0,152000000,0,0,0
30.8178,29.7172,29.5152,2.4913e+07,0.000559665,41,21013.9,153000000,0,0,12.2634
30.8713,30.4842,30.8151,9.2534e+06,0.000402303,41,0,154000000,0,0,0
31.4566,28.7843,31.4874,2.42012e+07,0.000554283,41,35886.2,155000000,0,0,59.7347
30.2314,29.3033,30.6002,2.11167e+07,0.000529657,41,0,156000000,0,0,0
30.6525,28.8019,30.6023,2.65739e+07,0.000571835,41,25764.5,157000000,0,0,10.4443
30.8999,28.8211,30.243,1.75577e+07,0.000498053,41,0,158000000,0,0,0
30.9104,29.9532,29.9479,1.16261e+07,0.000434107,41,0,159000001,0,0,0
30.9064,29.9599,29.9428,8.06708e+06,0.000384319,41,0,159000000,11,1,0
28.8428,30.098,31.7284,2.53875e+07,0.000563196,41,0,160000000,0,0,0
30.3158,28.6543,30.6662,1.49478e+07,0.00047204,41,0,161000000,0,0,0
30.5137,30.0338,31.2721,1.70832e+07,0.000493525,41,0,162000000,0,0,0
30.4791,29.8338,29.7708,1.54223e+07,0.000476983,41,0,163000000,0,0,0
31.7116,29.518,31.717,9.49067e+06,0.000405713,41,0,164000000,0,0,0
29.4409,29.7454,30.6045,2.08795e+07,0.000527666,41,0,165000000,0,0,0
29.6436,29.3821,29.7002,2.01677e+07,0.000521601,41,0,166000000,0,0,0
30.6635,29.7687,30.9607,2.08795e+07,0.000527666,41,0,167000000,0,0,0
31.1532,28.7152,31.425,2.1354e+07,0.000531634,41,36350.5,168000000,0,0,48.6204
31.0383,29.4644,30.5568,2.08795e+07,0.000527666,41,1011.05,169000000,0,0,0.0183366
31.2654,28.6943,31.5262,2.01677e+07,0.000521601,41,16391.2,170000000,0,0,10.4966
29.3413,29.7333,30.708,1.61341e+07,0.000484211,41,0,171000000,0,0,0
30.1953,29.539,30.7186,2.68111e+07,0.000573532,41,7218.46,172000000,0,0,0.992057
30.6849,30.8954,30.4005,1.75577e+07,0.000498053,41,0,173000000,0,0,0
30.7098,30.9019,30.1486,2.04049e+07,0.000523638,41,0,174000000,0,0,0
30.8588,29.6028,30.3946,1.63714e+07,0.000486573,41,0,175000000,0,0,0
30.599,28.6491,30.616,2.06422e+07,0.00052566,41,0,176000000,0,0,0
30.8488,30.5131,30.9623,1.16261e+07,0.000434107,41,0,177000000,0,0,0
30.8522,30.5173,30.9562,5.69441e+06,0.000342191,41,0,177000001,10,1,0
30.5434,30.3865,30.907,1.58969e+07,0.000481826,41,0,178000000,0,0,0
30.2067,29.1715,30.8259,8.30433e+06,0.00038805,41,0,179000001,0,0,0
30.8292,29.7555,29.533,1.85068e+07,0.00050687,41,13154.9,180000000,0,0,8.43188
30.7895,29.1343,30.6001,1.47105e+07,0.000469529,41,0,181000000,0,0,0
28.8106,29.8374,30.6273,6.88073e+06,0.000364472,41,0,182000000,0,0,0
30.5742,29.252,31.8554,1.75577e+07,0.000498053,41,4073.32,183000000,0,0,0.968461
30.8855,28.8584,30.8581,1.94559e+07,0.00051539,41,15282.6,184000000,0,0,8.15884
30.4552,29.9102,31.2009,2.06422e+07,0.00052566,41,0,185000000,0,0,0
29.0519,30.422,31.65,2.1354e+07,0.000531634,41,9816.64,186000000,0,0,1.65308
29.2398,29.8666,30.8181,1.56596e+07,0.000479417,41,0,187000000,0,0,0
30.8179,30.6343,31.0601,1.99304e+07,0.000519547,41,287.717,188000000,0,0,0.000806984
30.8409,29.5612,30.3387,1.96931e+07,0.000517477,41,0,189000000,0,0,0
28.8303,29.8362,30.6844,2.11167e+07,0.000529657,41,10392.9,190000000,0,0,2.64663
30.8063,30.8675,30.5555,1.73205e+07,0.000495799,41,0,191000000,0,0,0
29.7961,29.9385,30.6598,1.92186e+07,0.000513287,41,12345.5,192000000,0,0,25.9458
30.6852,31.0229,30.1444,1.66087e+07,0.000488913,41,1958.5,193000000,0,0,0.108138
30.6325,30.2995,29.3284,1.87441e+07,0.000509027,41,0,194000000,0,0,0
31.0229,30.4882,29.8052,1.54223e+07,0.000476983,41,0,195000000,0,0,0
31.3703,28.5477,31.2839,1.96931e+07,0.000517477,41,54532.9,196000000,0,0,87.8007
29.5418,29.2497,29.699,1.85068e+07,0.00050687,41,0,197000000,0,0,0
29.6489,30.3986,29.3528,2.04049e+07,0.000523638,41,20162.7,198000000,0,0,19.4316
30.1898,29.5801,30.696,1.28124e+07,0.000448397,41,0,199000000,0,0,0
30.4611,30.2225,30.8877,1.89813e+07,0.000511166,41,0,200000000,0,0,0
30.6139,28.7179,30.9946,2.04049e+07,0.000523638,41,22856.4,201000000,0,0,25.1424
30.8294,28.6627,30.9129,1.92186e+07,0.000513287,41,0,202000000,0,0,0
30.8547,29.8854,30.1945,1.87441e+07,0.000509027,41,0,203000000,0,0,0
30.921,29.4764,30.9737,1.73205e+07,0.000495799,41,7619.63,204000000,0,0,6.61471
30.9799,28.2035,31.2615,5.57577e+07,0.000732073,41,14550.1,205000000,0,0,3.85643
31.1795,28.7275,31.4359,1.96931e+07,0.000517477,41,22.5673,206000000,0,0,0
30.2976,31.3963,29.4715,6.4062e+06,0.000355893,41,0,207000000,0,0,0
29.476,29.4937,30.3298,2.1354e+07,0.000531634,41,0,208000000,0,0,0
30.7252,30.7975,30.5495,8.30433e+06,0.00038805,41,0,209000000,0,0,0
30.72,30.8008,30.5445,5.45714e+06,0.000337371,41,0,209000001,5,1,0
31.0318,30.5064,29.8076,1.92186e+07,0.000513287,41,1049.68,210000000,0,0,0.0207904
31.0104,28.6829,30.6843,1.80323e+07,0.0005025,41,0,211000000,0,0,0
31.164,29.0366,31.5911,1.85068e+07,0.00050687,41,12831.5,212000000,0,0,5.44076
29.653,29.7465,30.6405,1.99304e+07,0.000519547,41,566.107,213000000,0,0,0.00517859
30.218,28.7652,30.4276,7.8298e+06,0.000380513,41,0,214000000,0,0,0
30.2191,28.78,30.4194,1.80323e+07,0.0005025,41,2148.07,215000000,0,0,0.22139
30.455,29.2663,31.8314,2.01677e+07,0.000521601,41,0,216000000,0,0,0
31.0131,29.2801,30.6931,7.35527e+06,0.000372665,41,0,217000000,0,0,0
30.522,30.4444,30.7646,9.2534e+06,0.000402303,41,0,218000000,0,0,0
30.7826,29.8396,29.6658,1.61341e+07,0.000484211,41,2453.38,219000000,0,0,0
30.8038,28.8146,30.8191,1.7795e+07,0.000500287,41,836.718,220000000,0,0,0.0162157
30.7855,30.873,30.4969,2.30149e+07,0.000545074,41,11600.9,221000000,0,0,6.15944
30.2605,29.2496,30.8533,3.08447e+06,0.000278941,41,0,222000000,0,0,0
31.1273,29.313,31.0068,1.99304e+07,0.000519547,41,18709.2,223000000,0,0,8.90269
28.901,30.4421,31.2581,1.49478e+07,0.00047204,41,0,224000000,0,0,0
30.132,29.1934,31.1222,1.32869e+07,0.000453866,41,0,225000000,0,0,0
28.9819,29.8605,30.79,1.4236e+07,0.000464425,41,0,226000000,0,0,0
29.5438,30.1204,30.4858,1.80323e+07,0.0005025,41,0,227000000,0,0,0
29.6662,29.2252,30.7075,2.01677e+07,0.000521601,41,0,228000000,0,0,0
30.5803,28.7001,30.9551,1.51851e+07,0.000474524,41,0,229000000,0,0,0
30.5967,31.2571,29.6042,7.8298e+06,0.000380513,41,0,230000000,0,0,0
30.6502,29.1949,30.6031,1.80323e+07,0.0005025,41,0,231000000,0,0,0
29.6005,30.047,30.8039,1.39987e+07,0.00046183,41,0,232000000,0,0,0
30.7022,30.8382,30.4949,1.25751e+07,0.000445612,41,0,233000000,0,0,0
31.1313,29.0209,31.6102,1.56596e+07,0.000479417,41,0,234000000,0,0,0
30.9198,29.8644,30.0724,1.04397e+07,0.000418809,41,0,235000000,0,0,0
29.0076,29.6207,29.8894,1.30497e+07,0.000451148,41,0,236000000,0,0,0
29.7141,29.588,31.0356,9.72793e+06,0.000409066,41,0,237000000,0,0,0
30.6484,29.2167,30.5958,7.8298e+06,0.000380513,41,0,238000000,0,0,0
31.1101,29.1315,30.7805,1.75577e+07,0.000498053,41,0,239000000,0,0,0
30.1023,30.2069,31.0135,1.66087e+07,0.000488913,41,530.872,240000000,0,0,0.00645473
30.7985,30.869,30.5453,2.60993e+07,0.000568411,41,9282.2,241000000,0,0,0
29.3274,30.8405,31.3409,1.44733e+07,0.000466991,41,0,242000000,0,0,0
29.5654,29.8151,30.6015,1.30497e+07,0.000451148,41,0,243000000,0,0,0
30.0361,30.174,30.8,8.30433e+06,0.00038805,41,0,244000000,0,0,0
30.412,30.3768,31.7298,1.35242e+07,0.000456552,41,0,245000000,0,0,0
30.784,30.8735,30.5219,1.94559e+07,0.00051539,41,0,246000000,0,0,0
30.8056,30.9045,30.3793,1.44733e+07,0.000466991,41,0,247000000,0,0,0
30.8381,29.7212,29.4935,1.63714e+07,0.000486573,41,0,248000000,0,0,0
31.3481,28.5758,31.7369,1.47105e+07,0.000469529,41,0,249000000,0,0,0
30.6065,30.1657,30.8698,1.68459e+07,0.00049123,41,0,250000000,0,0,0
30.8142,29.5119,30.2668,1.85068e+07,0.00050687,41,0,251000000,0,0,0
31.1143,28.5691,31.7293,1.66087e+07,0.000488913,41,210.217,252000000,0,0,0.000703657
29.5659,29.6574,31.0048,1.61341e+07,0.000484211,41,0,253000000,0,0,0
29.6552,29.7308,30.6381,1.39987e+07,0.00046183,41,0,254000000,0,0,0
29.7412,29.4691,30.0497,1.28124e+07,0.000448397,41,0,255000000,0,0,0
30.8189,29.8117,30.9991,1.39987e+07,0.00046183,41,0,256000000,0,0,0
31.2198,29.2809,30.8711,1.51851e+07,0.000474524,41,13525.8,257000000,0,0,5.1206
29.2804,29.7349,30.8598,1.4236e+07,0.000464425,41,0,258000000,0,0,0
30.6782,30.2782,30.9957,1.37615e+07,0.000459206,41,0,259000000,0,0,0
29.4433,29.7509,30.6171,1.49478e+07,0.00047204,41,0,260000000,0,0,0
30.3332,28.6245,30.6862,3.79627e+06,0.000298932,41,0,261000000,0,0,0
30.6549,30.5721,31.2198,1.61341e+07,0.000484211,41,0,262000000,0,0,0
30.7312,29.2132,31.0522,1.44733e+07,0.000466991,41,601.307,263000000,0,0,0.0117286
30.756,30.5417,29.8164,6.16893e+06,0.000351444,41,0,264000000,0,0,0
30.7791,30.8718,30.4733,9.01613e+06,0.000398835,41,0,265000000,0,0,0
31.3284,28.8822,31.5422,1.16261e+07,0.000434107,41,0,266000000,0,0,0
31.5556,28.7873,31.5476,1.94559e+07,0.00051539,41,11051,267000000,0,0,3.40736
31.7361,29.5264,31.7088,1.51851e+07,0.000474524,41,0,268000000,0,0,0
30.17,29.4878,30.7309,1.51851e+07,0.000474524,41,0,269000000,0,0,0
30.1872,29.5252,30.675,1.63714e+07,0.000486573,41,0,270000000,0,0,0
30.5896,28.9124,30.8139,1.0677e+07,0.000421958,41,0,271000000,0,0,0
30.5783,29.7799,31.3513,1.30497e+07,0.000451148,41,0,272000000,0,0,0
31.2983,28.6262,31.7108,1.30497e+07,0.000451149,41,0,273000000,0,0,0
31.3485,28.7028,31.4837,1.30497e+07,0.000451148,41,0,274000000,0,0,0
28.8726,29.8909,30.7448,9.2534e+06,0.000402303,41,0,275000000,0,0,0
30.5751,31.1774,30.2801,3.53527e+07,0.000628918,41,0,276000000,0,0,0
30.5009,30.4113,30.6937,1.30497e+07,0.000451148,41,0,277000000,0,0,0
30.6573,28.3527,31.0213,1.11515e+07,0.000428119,41,0,278000000,0,0,0
28.9188,29.8527,30.7849,1.4236e+07,0.000464425,41,0,279000000,0,0,0
30.2986,29.3109,30.9588,1.02025e+07,0.000415612,41,0,280000000,0,0,0
30.0513,31.1045,29.0072,8.77887e+06,0.000395305,41,0,281000000,0,0,0
30.6196,30.489,31.1084,1.49478e+07,0.00047204,41,0,282000000,0,0,0
30.6312,30.4483,31.1283,1.32869e+07,0.000453866,41,0,283000000,0,0,0
30.7765,29.9036,30.9968,7.35527e+06,0.000372665,41,0,284000000,0,0,0
30.8732,30.8597,30.6332,3.559e+07,0.000630322,41,0,285000000,0,0,0
29.3819,28.6988,32.4429,1.4236e+07,0.000464425,41,0,286000000,0,0,0
29.9389,30.1709,31.0195,1.49478e+07,0.00047204,41,1830.87,287000000,0,0,0
30.218,29.0119,30.8501,1.30497e+07,0.000451148,41,0,288000000,0,0,0
30.6256,28.5847,31.1674,8.5416e+06,0.000391711,41,0,289000000,0,0,0
30.7079,30.9041,30.3547,1.85068e+07,0.00050687,41,588.653,290000000,0,0,0.00985875
30.7505,30.8802,30.3507,1.85068e+07,0.00050687,41,2262.43,291000000,0,0,0
30.7666,29.1726,31.1119,1.16261e+07,0.000434107,41,0,292000000,0,0,0
31.7189,28.748,31.3972,5.45713e+06,0.000337371,41,0,293000000,0,0,0
29.0774,30.6912,31.6492,1.44733e+07,0.000466991,41,0,294000000,0,0,0
29.6784,29.2311,30.7076,1.09143e+07,0.000425061,41,0,295000000,0,0,0
30.14,29.591,31.757,4.2708e+06,0.000310901,41,0,296000000,0,0,0
30.5601,29.7965,29.7391,1.21006e+07,0.000439935,41,0,297000000,0,0,0
30.574,29.3558,31.3628,1.49478e+07,0.00047204,41,3120.69,298000000,0,0,0.728175
30.6644,29.9154,31.0193,1.16261e+07,0.000434107,41,137.876,299000000,0,0,0
30.8217,29.9407,29.9813,1.47105e+07,0.000469529,41,0,300000000,0,0,0
30.8469,29.8721,29.8168,3.79627e+06,0.000298932,41,0,301000000,0,0,0
31.2615,28.7125,31.5566,1.02025e+07,0.000415612,41,0,302000000,0,0,0
29.2825,29.6988,30.7962,9.9652e+06,0.000412365,41,0,303000000,0,0,0
29.6305,30.2161,31.5354,1.4236e+07,0.000464425,41,0,304000000,0,0,0
29.8068,29.5387,31.1392,1.37615e+07,0.000459206,41,8702.18,305000000,0,0,8.33358
29.8661,30.29,30.3924,1.02025e+07,0.000415612,41,0,306000000,0,0,0
30.2659,29.3386,30.5868,1.4236e+06,0.000215567,41,0,307000000,0,0,0
30.3015,28.9309,30.5048,1.35242e+07,0.000456552,41,0,308000000,0,0,0
30.4567,28.2423,30.5637,1.35242e+07,0.000456552,41,457.49,309000000,0,0,0.00574711
30.6164,30.4588,31.2466,1.54223e+07,0.000476983,41,0,310000000,0,0,0
30.7307,29.3367,30.8862,1.30497e+07,0.000451148,41,0,311000000,0,0,0
30.8087,29.9208,30.1225,1.49478e+07,0.00047204,41,5689.66,312000000,0,0,2.10358
30.8324,28.7602,30.8654,8.06707e+06,0.000384319,41,0,313000000,0,0,0
30.9991,29.5289,30.4749,1.28124e+07,0.000448397,41,0,314000000,0,0,0
29.0602,30.0406,31.8183,1.04397e+07,0.000418809,41,0,315000000,0,0,0
29.6584,30.0337,30.6199,1.32869e+07,0.000453866,41,0,316000000,0,0,0
30.7684,29.3837,30.8562,1.13888e+07,0.000431134,41,0,317000000,0,0,0
30.8379,30.448,30.869,1.02025e+07,0.000415612,41,0,318000000,0,0,0
29.1111,29.8091,30.769,1.7795e+07,0.000500287,41,7493.24,319000000,0,0,0
29.1256,29.528,29.8007,1.25751e+07,0.000445612,41,0,320000000,0,0,0
29.8848,30.0361,30.7622,1.21006e+07,0.000439935,41,0,321000000,0,0,0
30.6167,29.7436,30.949,9.49067e+06,0.000405713,41,0,322000000,0,0,0
30.7067,30.4078,30.8834,8.5416e+06,0.000391711,41,0,323000000,0,0,0
30.6782,29.2327,31.9029,1.18633e+07,0.000437041,41,0,324000000,0,0,0
30.7411,29.8108,30.9907,9.01613e+06,0.000398835,41,0,325000000,0,0,0
30.8442,29.7693,29.5573,1.25751e+07,0.000445612,41,0,326000000,0,0,0
30.8586,29.602,30.4114,1.18633e+07,0.000437041,41,0,327000000,0,0,0
30.8791,29.6912,30.2394,1.30497e+07,0.000451148,41,0,328000000,0,0,0
30.9666,29.4613,30.764,1.37615e+07,0.000459206,41,9245.21,329000000,0,0,9.03427
30.9629,29.4655,30.7702,1.02025e+07,0.000415612,41,0,329000001,21,0,0
31.5386,28.8087,31.5298,9.9652e+06,0.000412365,41,0,330000000,0,0,0
31.6461,29.3568,30.8539,1.30497e+07,0.000451148,41,0,331000000,0,0,0
28.9507,29.8372,30.8289,1.37615e+07,0.000459206,41,0,332000000,0,0,0
29.6076,30.2351,31.542,1.30497e+07,0.000451148,41,0,333000000,0,0,0
29.4951,29.5711,29.7473,1.44733e+07,0.000466991,41,0,334000000,0,0,0
29.7141,30.2262,30.957,1.4236e+06,0.000215567,41,0,335000000,0,0,0
29.872,29.4334,31.1121,1.23379e+07,0.000442792,41,0,336000000,0,0,0
29.764,29.5783,30.0217,6.64347e+06,0.000360234,41,0,337000000,0,0,0
30.1972,29.5771,31.7671,8.06707e+06,0.000384319,41,0,338000000,0,0,0
30.2536,29.4879,30.7861,1.18633e+07,0.000437041,41,0,339000000,0,0,0
30.4241,28.4471,30.6001,1.63714e+07,0.000486573,41,0,340000000,0,0,0
30.7827,29.3667,30.9955,1.47105e+07,0.000469529,41,0,341000000,0,0,0
30.8725,30.2867,29.9095,1.28124e+07,0.000448397,41,0,342000000,0,0,0
30.9041,30.2801,29.9215,1.23379e+07,0.000442792,41,0,343000000,0,0,0
30.9969,28.68,30.6694,1.18633e+07,0.000437041,41,0,344000000,0,0,0
29.5451,30.3399,30.185,8.5416e+06,0.000391711,41,0,345000000,0,0,0
29.8654,29.6558,30.0004,1.11515e+07,0.000428119,41,0,346000000,0,0,0
30.2959,28.6539,30.6217,3.79627e+06,0.000298932,41,0,347000000,0,0,0
30.3585,29.9048,31.4762,9.9652e+06,0.000412365,41,0,348000000,0,0,0
30.5046,28.9409,31.7164,1.0677e+07,0.000421958,41,0,349000000,0,0,0
30.6472,30.5663,31.1762,1.16261e+07,0.000434107,41,0,350000000,0,0,0
30.6107,29.6861,30.8915,1.35242e+07,0.000456552,41,0,351000000,0,0,0
30.6542,30.2407,30.9548,9.9652e+06,0.000412365,41,0,352000000,0,0,0
30.6921,30.8418,30.0801,2.8472e+06,0.000271597,41,0,353000000,0,0,0
30.7724,30.4606,31.0668,8.30433e+06,0.00038805,41,0,354000000,0,0,0
30.871,29.0887,30.7522,7.59253e+06,0.00037663,41,0,355000000,0,0,0
31.1688,28.7183,31.4335,1.23379e+07,0.000442792,41,0,356000000,0,0,0
28.8246,30.2892,31.5214,1.30497e+07,0.000451148,41,0,357000000,0,0,0
29.0458,30.0025,31.9255,5.93167e+06,0.000346879,41,0,358000000,0,0,0
29.0318,30.0262,31.837,7.118e+06,0.000368614,41,0,359000000,0,0,0
29.0768,29.6651,29.9193,1.23379e+07,0.000442792,41,0,360000000,0,0,0
29.605,30.5556,29.1048,1.16261e+07,0.000434107,41,0,361000000,0,0,0
30.494,30.3079,30.9028,1.02025e+07,0.000415612,41,0,362000000,0,0,0
30.4943,30.0682,31.284,1.13888e+07,0.000431134,41,0,363000000,0,0,0
30.4986,28.5831,30.8197,1.28124e+07,0.000448397,41,0,364000000,0,0,0
30.5672,29.9765,29.7533,1.23379e+07,0.000442792,41,0,365000000,0,0,0
30.7196,30.8895,30.475,1.30497e+07,0.000451148,41,0,366000000,0,0,0
30.7443,30.5318,29.7963,9.2534e+06,0.000402303,41,0,367000000,0,0,0
30.7302,29.0721,30.4827,1.21006e+07,0.000439935,41,0,368000000,0,0,0
31.2235,28.7171,31.4501,1.18633e+07,0.000437041,41,0,369000000,0,0,0
28.8986,29.8529,30.7566,1.11515e+07,0.000428119,41,0,370000000,0,0,0
29.0996,30.3102,31.6369,1.13888e+07,0.000431134,41,0,371000000,0,0,0
29.6688,29.414,30.702,9.72793e+06,0.000409066,41,0,372000000,0,0,0
29.6349,29.3901,29.6864,1.21006e+07,0.000439935,41,0,373000000,0,0,0
30.0602,28.9272,31.3442,1.0677e+07,0.000421958,41,0,374000000,0,0,0
30.2354,30.3973,30.7606,1.11515e+07,0.000428119,41,0,375000000,0,0,0
30.4213,28.4515,30.6076,5.45713e+06,0.000337371,41,0,376000000,0,0,0
30.6518,30.0469,30.1368,7.35527e+06,0.000372665,41,0,377000000,0,0,0
30.6218,28.659,30.5336,1.11515e+07,0.000428119,41,0,378000000,0,0,0
30.8889,28.7837,31.3718,9.72793e+06,0.000409066,41,0,379000000,0,0,0
30.1495,29.6011,31.7841,1.02025e+07,0.000415612,41,0,380000000,0,0,0
30.3622,29.5608,31.1933,1.37615e+07,0.000459206,41,0,381000000,0,0,0
30.3626,28.5785,30.7054,8.5416e+06,0.000391711,41,0,382000000,0,0,0
30.5308,31.2486,29.5517,4.2708e+06,0.000310901,41,0,383000000,0,0,0
30.8088,29.7327,30.9917,8.77887e+06,0.000395305,41,0,384000000,0,0,0
31.1251,29.41,30.9824,1.16261e+07,0.000434107,41,0,385000000,0,0,0
31.1831,30.3039,29.8259,1.16261e+07,0.000434107,41,0,386000000,0,0,0
29.3451,28.6701,32.1931,8.30433e+06,0.00038805,41,0,387000000,0,0,0
30.2819,29.2991,30.5769,1.18633e+06,0.000202856,41,0,388000000,0,0,0
30.3958,29.8946,31.04,1.21006e+07,0.000439935,41,0,389000000,0,0,0
30.3975,29.9755,31.4992,1.0677e+07,0.000421958,41,0,390000000,0,0,0
30.5618,31.2777,29.5935,1.04397e+07,0.000418809,41,0,391000000,0,0,0
30.6701,30.8659,30.3358,1.28124e+07,0.000448397,41,0,392000000,0,0,0
30.6246,29.1533,30.5773,7.8298e+06,0.000380513,41,0,393000000,0,0,0
30.6972,28.9245,30.7159,1.21006e+07,0.000439935,41,0,394000000,0,0,0
30.7199,28.2833,30.4655,1.02025e+07,0.000415612,41,2724.47,395000000,0,0,0.824504
30.781,29.9285,28.5806,1.23379e+07,0.000442792,41,0,396000000,0,0,0
30.9085,28.8207,30.2653,1.11515e+07,0.000428119,41,0,397000000,0,0,0
31.2484,28.6633,31.7087,1.18633e+07,0.000437041,41,0,398000000,0,0,0
31.1217,29.1215,30.7351,1.13888e+07,0.000431134,41,0,399000000,0,0,0
28.7373,29.2578,32.7222,1.02025e+07,0.000415612,41,0,400000000,0,0,0
28.845,30.1204,31.7211,1.09143e+07,0.000425061,41,0,401000000,0,0,0
29.0575,29.6975,30.6313,7.59253e+06,0.00037663,41,0,402000000,0,0,0
29.173,29.656,30.9732,9.72793e+06,0.000409066,41,0,403000000,0,0,0
29.1324,29.5815,30.1725,8.06707e+06,0.000384319,41,0,404000000,0,0,0
29.5608,29.1872,29.6578,1.28124e+07,0.000448397,41,0,405000000,0,0,0
29.8711,29.2953,30.8696,9.2534e+06,0.000402303,41,0,406000000,0,0,0
29.8682,31.1243,29.3645,1.11515e+07,0.000428119,41,0,407000000,0,0,0
30.2092,29.2926,30.6063,1.21006e+07,0.000439935,41,25404.2,408000000,0,0,0
30.2342,29.5877,31.765,1.54223e+07,0.000476983,41,2835.17,409000000,0,0,0.47458
30.3732,30.3191,30.5902,1.13888e+07,0.000431134,41,0,410000000,0,0,0
30.5466,30.4281,30.8851,9.72793e+06,0.000409066,41,0,411000000,0,0,0
30.5246,29.1308,31.8415,7.8298e+06,0.000380513,41,0,412000000,0,0,0
30.6178,30.1888,30.8788,4.2708e+06,0.000310901,41,0,413000000,0,0,0
30.6111,30.1969,29.4914,1.39987e+07,0.00046183,41,0,414000000,0,0,0
30.7778,30.3583,30.8102,9.72793e+06,0.000409066,41,0,415000000,0,0,0
30.8778,29.3107,30.7648,1.13888e+07,0.000431134,41,0,416000000,0,0,0
30.8587,29.6057,30.3826,1.44733e+07,0.000466991,41,2329.54,417000000,0,0,0.0568441
31.0174,28.3603,31.3915,5.21987e+06,0.000332409,41,0,418000000,0,0,0
28.7184,30.0709,31.2452,8.5416e+06,0.000391711,41,0,419000000,0,0,0
28.8314,29.8575,30.7683,1.09143e+07,0.000425061,41,0,420000000,0,0,0
28.9304,29.4043,31.2661,1.11515e+07,0.000428119,41,0,421000000,0,0,0
29.2794,29.4621,29.9845,1.11515e+07,0.000428119,41,0,422000000,0,0,0
29.4349,29.7042,30.5518,1.0677e+07,0.000421958,41,0,423000000,0,0,0
30.2056,29.3021,30.6113,1.16261e+07,0.000434107,41,0,424000000,0,0,0
30.6538,30.5021,30.8765,1.32869e+07,0.000453866,41,0,425000000,0,0,0
30.6879,30.5648,31.3316,1.16261e+07,0.000434107,41,0,426000000,0,0,0
30.7086,30.6112,31.1016,9.49067e+06,0.000405713,41,0,427000000,0,0,0
30.6885,29.0179,31.9696,1.16261e+07,0.000434107,41,0,428000000,0,0,0
30.6503,29.2456,30.5781,1.16261e+07,0.000434107,41,0,429000000,0,0,0
30.7256,29.0717,30.4489,1.39987e+07,0.00046183,41,0,430000000,0,0,0
30.8063,30.4575,30.8639,9.01613e+06,0.000398835,41,0,431000000,0,0,0
30.8326,28.6464,30.9145,9.2534e+06,0.000402303,41,0,432000000,0,0,0
30.8327,30.4323,30.8886,1.16261e+07,0.000434107,41,0,433000000,0,0,0
28.7699,30.0593,31.217,1.02025e+07,0.000415612,41,0,434000000,0,0,0
29.3322,29.7121,30.636,8.30433e+06,0.00038805,41,0,435000000,0,0,0
29.346,30.5002,31.516,8.06707e+06,0.000384319,41,0,436000000,0,0,0
29.67,29.1859,30.6804,8.5416e+06,0.000391711,41,0,437000000,0,0,0
30.1799,29.5007,30.7258,6.64347e+06,0.000360234,41,0,438000000,0,0,0
30.4546,29.8209,29.7678,5.21987e+06,0.000332409,41,0,439000000,0,0,0
30.6997,30.9067,30.4525,1.09143e+07,0.000425061,41,0,440000000,0,0,0
30.8762,29.7766,31.0223,1.02025e+07,0.000415612,41,0,441000000,0,0,0
30.9739,30.1539,31.0408,5.6944e+06,0.000342191,41,0,442000000,0,0,0
31.0979,29.2542,30.8421,7.35527e+06,0.000372665,41,0,443000000,0,0,0
31.2655,28.9663,29.8674,1.13888e+07,0.000431134,41,0,444000000,0,0,0
31.3759,28.4661,31.2952,9.49067e+06,0.000405713,41,0,445000000,0,0,0
28.8771,30.0452,31.7136,4.03353e+06,0.000305034,41,0,446000000,0,0,0
28.8962,30.4974,31.2418,1.66087e+06,0.000226933,41,0,447000000,0,0,0
29.4485,29.5806,29.6983,8.77887e+06,0.000395305,41,0,448000000,0,0,0
30.4778,30.6911,31.1884,1.28124e+07,0.000448397,41,0,449000000,0,0,0
30.4043,29.9015,31.4311,1.11515e+07,0.000428119,41,0,450000000,0,0,0
30.6363,30.5429,31.168,8.77888e+06,0.000395305,41,0,451000000,0,0,0
30.5883,28.6849,30.939,1.13888e+07,0.000431134,41,0,452000000,0,0,0
30.6532,30.2749,30.9769,1.11515e+07,0.000428119,41,0,453000000,0,0,0
30.6143,29.1064,30.5838,9.72793e+06,0.000409066,41,0,454000000,0,0,0
30.6051,29.2767,31.8678,1.11515e+07,0.000428119,41,0,455000000,0,0,0
30.6795,28.8127,30.8612,9.9652e+06,0.000412365,41,1118.03,456000000,0,0,0.0653811
30.667,29.841,30.8972,5.21987e+06,0.000332409,41,0,457000000,0,0,0
30.8629,29.0125,30.7936,1.02025e+07,0.000415612,41,0,458000000,0,0,0
30.8948,29.9614,29.9258,1.11515e+07,0.000428119,41,0,459000000,0,0,0
31.1602,30.2995,29.9002,8.77887e+06,0.000395305,41,0,460000000,0,0,0
29.1399,29.5821,30.1794,1.11515e+07,0.000428119,41,0,461000000,0,0,0
29.0217,30.7704,31.3519,6.88073e+06,0.000364472,41,0,462000000,0,0,0
29.1946,29.5884,29.9599,8.30433e+06,0.00038805,41,0,463000000,0,0,0
29.9552,29.3832,31.6922,9.2534e+06,0.000402303,41,0,464000000,0,0,0
29.9867,29.4011,31.6704,1.02025e+07,0.000415612,41,0,465000000,0,0,0
30.028,29.3153,31.0942,5.93167e+06,0.000346879,41,0,466000000,0,0,0
30.4027,30.2751,31.0208,1.04397e+07,0.000418809,41,0,467000000,0,0,0
30.3927,28.6498,30.655,1.18633e+07,0.000437041,41,0,468000000,0,0,0
30.7314,30.6466,31.1135,5.6944e+06,0.000342191,41,0,469000000,0,0,0
30.6798,30.4368,31.0623,6.4062e+06,0.000355893,41,0,470000000,0,0,0
30.6537,28.739,30.9312,9.72793e+06,0.000409066,41,0,471000000,0,0,0
30.7731,29.7264,29.4713,1.11515e+07,0.000428119,41,0,472000000,0,0,0
31.7679,29.4568,31.7758,1.09143e+07,0.000425061,41,0,473000000,0,0,0
28.8576,30.0827,31.7297,9.01613e+06,0.000398835,41,0,474000000,0,0,0
29.4284,29.484,32.7844,9.9652e+06,0.000412365,41,0,475000000,0,0,0
29.5953,30.5468,29.1203,3.32173e+06,0.000285918,41,0,476000000,0,0,0
30.0193,29.3294,31.0815,7.8298e+06,0.000380513,41,0,477000000,0,0,0
30.0222,29.3564,31.1133,5.21987e+06,0.000332409,41,0,478000000,0,0,0
30.0863,28.813,30.4251,7.118e+06,0.000368614,41,0,479000000,0,0,0
30.4027,29.9143,31.0439,1.16261e+07,0.000434107,41,0,480000000,0,0,0
30.2891,31.3375,29.4535,6.64347e+06,0.000360234,41,0,481000000,0,0,0
30.4022,29.5535,30.8162,9.9652e+06,0.000412365,41,0,482000000,0,0,0
30.556,28.6691,30.9884,1.0677e+07,0.000421958,41,0,483000000,0,0,0
30.6197,29.9097,30.1173,9.2534e+06,0.000402303,41,0,484000000,0,0,0
30.6674,29.7307,31.2817,1.04397e+07,0.000418809,41,0,485000000,0,0,0
30.9533,28.5824,31.3782,1.09143e+07,0.000425061,41,0,486000000,0,0,0
30.9049,29.8566,30.0642,1.09143e+07,0.000425061,41,0,487000000,0,0,0
30.9247,30.1143,30.8788,1.09143e+07,0.000425061,41,0,488000000,0,0,0
30.9569,30.0711,30.8685,1.89813e+06,0.000237262,41,0,489000000,0,0,0
31.1409,29.0235,31.5599,9.9652e+06,0.000412365,41,0,490000000,0,0,0
31.8016,29.4798,31.7723,2.37267e+07,0.000550637,41,0,491000000,0,0,0
28.94,30.7393,31.361,3.10108e+08,0.00129705,41,335988,492000000,0,0,294.334
28.9831,30.6857,31.3998,1.21006e+07,0.000439935,41,0,493000000,0,0,0
29.3046,29.4023,29.9301,8.77887e+06,0.000395305,41,0,494000000,0,0,0
30.1446,30.2268,30.8575,9.01613e+06,0.000398835,41,0,495000000,0,0,0
30.2528,29.3322,30.9078,8.77887e+06,0.000395305,41,0,496000000,0,0,0
30.4389,29.0781,30.1541,8.77887e+06,0.000395305,41,0,497000000,0,0,0
30.7213,29.201,31.1383,9.9652e+06,0.000412365,41,0,498000000,0,0,0
30.751,30.8977,30.3288,4.74533e+06,0.000322014,41,0,499000000,0,0,0
30.8523,29.3233,30.8444,8.5416e+06,0.000391711,41,0,500000000,0,0,0
30.9069,29.8405,29.949,3.79627e+06,0.000298932,41,0,501000000,0,0,0
31.0307,29.201,30.8833,6.16893e+06,0.000351444,41,0,502000000,0,0,0
31.2359,29.9081,28.6072,9.01613e+06,0.000398835,41,0,503000000,0,0,0
28.7938,29.4122,30.9614,8.06707e+06,0.000384319,41,0,504000000,0,0,0
28.8911,29.8415,31.9214,9.2534e+06,0.000402303,41,0,505000000,0,0,0
28.9687,29.5164,32.7239,1.04397e+07,0.000418809,41,0,506000000,0,0,0
29.0564,30.0326,31.9232,1.0677e+07,0.000421958,41,0,507000000,0,0,0
29.1197,30.7129,31.7516,4.2708e+06,0.000310901,41,0,508000000,0,0,0
29.43,29.6871,30.5351,9.9652e+06,0.000412365,41,0,509000000,0,0,0
29.8729,29.3063,31.5623,9.01613e+06,0.000398835,41,0,510000000,0,0,0
29.8302,30.8693,31.7113,8.77887e+06,0.000395305,41,0,511000000,0,0,0
29.8434,30.2968,30.3913,6.64347e+06,0.000360234,41,0,512000000,0,0,0
30.1899,29.5471,30.7043,5.93167e+06,0.000346879,41,0,513000000,0,0,0
30.2446,29.1363,30.8818,9.9652e+06,0.000412365,41,0,514000000,0,0,0
30.367,28.5407,30.6797,4.50807e+06,0.000316555,41,0,515000000,0,0,0
30.1083,31.0465,29.0666,1.02025e+07,0.000415612,41,0,516000000,0,0,0
30.5089,29.7344,30.904,8.06707e+06,0.000384319,41,0,517000000,0,0,0
30.5118,30.0258,31.3188,7.8298e+06,0.000380513,41,0,518000000,0,0,0
30.6163,28.7496,30.9122,9.2534e+06,0.000402303,41,0,519000000,0,0,0
30.6853,30.415,31.2052,9.72793e+06,0.000409066,41,0,520000000,0,0,0
30.7959,30.8701,30.5564,7.118e+06,0.000368614,41,0,521000000,0,0,0
30.7909,29.8616,29.688,1.23379e+07,0.000442792,41,0,522000000,0,0,0
30.7173,29.031,30.3789,7.59253e+06,0.00037663,41,0,523000000,0,0,0
30.8496,29.779,29.4046,8.06707e+06,0.000384319,41,0,524000000,0,0,0
28.9095,29.4797,30.4669,8.5416e+06,0.000391711,41,0,525000000,0,0,0
29.0035,30.0338,31.7584,8.77887e+06,0.000395305,41,0,526000000,0,0,0
29.2347,29.4945,32.7254,8.77887e+06,0.000395305,41,0,527000000,0,0,0
29.4663,29.5059,30.3298,5.6944e+06,0.000342191,41,0,528000000,0,0,0
29.6646,29.2535,30.705,9.72793e+06,0.000409066,41,0,529000000,0,0,0
29.7422,29.2613,30.7198,5.45713e+06,0.000337371,41,0,530000000,0,0,0
29.7459,30.0476,30.7651,7.35527e+06,0.000372665,41,0,531000000,0,0,0
29.8494,29.3542,30.8969,9.01613e+06,0.000398835,41,0,532000000,0,0,0
30.1149,29.2241,31.1125,8.77887e+06,0.000395305,41,0,533000000,0,0,0
30.064,29.8857,29.8475,9.2534e+06,0.000402303,41,0,534000000,0,0,0
30.2101,29.1921,30.8176,1.0677e+07,0.000421958,41,0,535000000,0,0,0
30.2258,29.2788,30.8386,8.5416e+06,0.000391711,41,0,536000000,0,0,0
30.1643,29.7627,32.092,7.59253e+06,0.00037663,41,0,537000000,0,0,0
30.2509,29.5716,31.7822,5.93167e+06,0.000346879,41,0,538000000,0,0,0
30.6635,30.2438,30.9662,7.8298e+06,0.000380513,41,0,539000000,0,0,0
30.8009,29.4486,31.7806,9.2534e+06,0.000402303,41,0,540000000,0,0,0
31.039,29.3005,30.9575,7.35527e+06,0.000372665,41,0,541000000,0,0,0
31.2248,28.6895,31.6871,5.93167e+06,0.000346879,41,0,542000000,0,0,0
31.0606,29.6459,29.7296,6.4062e+06,0.000355893,41,0,543000000,0,0,0
31.3061,28.7031,31.6664,7.59253e+06,0.00037663,41,0,544000000,0,0,0
28.8107,29.8459,30.6463,1.23379e+07,0.000442792,41,4587.63,545000000,0,0,0.755217
28.8069,30.2631,31.4847,1.02025e+07,0.000415612,41,0,546000000,0,0,0
28.866,29.8541,30.6185,7.59253e+06,0.00037663,41,0,547000000,0,0,0
29.3081,29.4184,29.9449,1.04397e+07,0.000418809,41,0,548000000,0,0,0
29.3982,29.6945,30.6247,7.35527e+06,0.000372665,41,0,549000000,0,0,0
29.5364,29.6739,30.9958,7.8298e+06,0.000380513,41,0,550000000,0,0,0
29.4691,29.7049,30.271,9.49067e+06,0.000405713,41,0,551000000,0,0,0
29.7495,29.569,30.0218,7.8298e+06,0.000380513,41,0,552000000,0,0,0
30.03,28.893,31.2781,1.02025e+07,0.000415612,41,0,553000000,0,0,0
30.1652,28.8574,31.0884,8.77887e+06,0.000395305,41,0,554000000,0,0,0
30.161,29.2633,30.6121,7.8298e+06,0.000380513,41,0,555000000,0,0,0
30.4478,28.9123,31.4398,8.5416e+06,0.000391711,41,0,556000000,0,0,0
30.5882,30.9066,30.4303,7.118e+06,0.000368614,41,0,557000000,0,0,0
30.3971,29.3271,30.9226,6.16893e+06,0.000351444,41,0,558000000,0,0,0
30.6745,30.8785,30.3287,7.59253e+06,0.00037663,41,0,559000000,0,0,0
30.6362,29.2533,31.8837,7.8298e+06,0.000380513,41,0,560000000,0,0,0
30.7213,30.8679,30.4514,4.03353e+06,0.000305034,41,0,561000000,0,0,0
30.7894,29.9363,28.5865,6.64347e+06,0.000360234,41,0,562000000,0,0,0
30.8761,29.1414,30.7594,8.30433e+06,0.00038805,41,0,563000000,0,0,0
31.1838,29.2978,31.0723,7.59253e+06,0.00037663,41,0,564000000,0,0,0
31.3132,28.4216,31.3009,1.13888e+07,0.000431134,41,0,565000000,0,0,0
30.6183,30.5846,31.2065,1.11515e+07,0.000428119,41,0,566000000,0,0,0
30.5718,30.3443,30.9276,9.72793e+06,0.000409066,41,0,567000000,0,0,0
30.5067,29.3457,31.811,3.559e+06,0.000292569,41,0,568000000,0,0,0
30.8163,28.9439,31.1429,9.72793e+06,0.000409066,41,0,569000000,0,0,0
30.8353,29.9385,30.0409,7.59253e+06,0.00037663,41,0,570000000,0,0,0
30.8493,29.7772,29.5845,6.4062e+06,0.000355893,41,0,571000000,0,0,0
30.8081,29.8597,30.9977,9.2534e+06,0.000402303,41,0,572000000,0,0,0
30.9547,29.725,29.9891,8.06707e+06,0.000384319,41,0,573000000,0,0,0
31.1035,29.2493,30.8333,8.06707e+06,0.000384319,41,0,574000000,0,0,0
31.38,28.5548,31.7287,5.21987e+06,0.000332409,41,0,575000000,0,0,0
28.5524,29.7034,32.1613,9.01613e+06,0.000398835,41,0,576000000,0,0,0
28.9486,30.0794,30.799,6.64347e+06,0.000360234,41,0,577000000,0,0,0
28.9815,29.5182,32.71,8.06708e+06,0.000384319,41,0,578000000,0,0,0
29.0149,29.9515,30.9201,7.59253e+06,0.00037663,41,0,579000000,0,0,0
29.0702,30.6654,31.768,8.30433e+06,0.00038805,41,0,580000000,0,0,0
29.3189,29.578,30.6508,8.5416e+06,0.000391711,41,0,581000000,0,0,0
29.199,29.277,29.8645,5.21987e+06,0.000332409,41,0,582000000,0,0,0
29.4442,28.8692,32.5794,8.77887e+06,0.000395305,41,0,583000000,0,0,0
29.4777,29.357,32.0842,8.30433e+06,0.00038805,41,0,584000000,0,0,0
29.4695,29.7306,30.4775,6.88074e+06,0.000364472,41,0,585000000,0,0,0
29.5392,28.8822,31.9431,8.30433e+06,0.00038805,41,0,586000000,0,0,0
29.8216,29.4007,31.3286,3.79627e+06,0.000298932,41,0,587000000,0,0,0
29.8095,30.3238,30.3863,5.45714e+06,0.000337371,41,0,588000000,0,0,0
29.741,29.5028,30.0119,4.74533e+06,0.000322014,41,0,589000000,0,0,0
29.7406,29.4479,29.9859,8.5416e+06,0.000391711,41,0,590000000,0,0,0
29.9032,29.8651,29.9065,7.35527e+06,0.000372665,41,0,591000000,0,0,0
30.2953,29.2817,30.5569,5.6944e+06,0.000342191,41,0,592000000,0,0,0
30.4024,29.6104,31.2162,9.01613e+06,0.000398835,41,0,593000000,0,0,0
30.5377,30.5245,30.9567,7.35527e+06,0.000372665,41,0,594000000,0,0,0
30.5134,29.3549,31.8175,8.77887e+06,0.000395305,41,0,595000000,0,0,0
30.8114,29.7394,29.5128,7.8298e+06,0.000380513,41,0,596000000,0,0,0
30.8783,29.8584,30.0581,6.4062e+06,0.000355893,41,0,597000000,0,0,0
30.8395,29.3393,30.8379,5.6944e+06,0.000342191,41,0,598000000,0,0,0
30.8475,28.734,30.8865,3.32173e+06,0.000285918,41,0,599000000,0,0,0
31.0106,30.6884,29.877,8.5416e+06,0.000391711,41,0,600000000,0,0,0
31.1346,29.1171,31.2778,5.21987e+06,0.000332409,41,0,601000000,0,0,0
31.2043,28.7656,31.6892,6.64347e+06,0.000360234,41,0,602000000,0,0,0
31.3481,28.7105,31.4519,1.02025e+07,0.000415612,41,0,603000000,0,0,0
28.9747,30.409,31.7447,8.5416e+06,0.000391711,41,0,604000000,0,0,0
29.4761,29.6999,30.456,9.9652e+06,0.000412365,41,2043.05,605000000,0,0,0.73865
29.4929,30.4069,29.1495,1.25751e+07,0.000445612,41,0,606000000,0,0,0
30.1924,28.9408,31.0413,8.06707e+06,0.000384319,41,0,607000000,0,0,0
30.2813,29.3106,30.9359,6.88073e+06,0.000364472,41,0,608000000,0,0,0
30.1905,29.3506,29.704,9.2534e+06,0.000402303,41,0,609000000,0,0,0
30.4939,29.6266,30.9056,7.35527e+06,0.000372665,41,0,610000000,0,0,0
30.6692,30.7034,30.5794,6.4062e+06,0.000355893,41,0,611000000,0,0,0
30.5128,29.0576,30.0098,7.118e+06,0.000368614,41,0,612000000,0,0,0
30.7811,30.7724,30.8873,5.21987e+06,0.000332409,41,0,613000000,0,0,0
30.7559,29.9715,29.9379,8.30433e+06,0.00038805,41,0,614000000,0,0,0
30.7535,30.8677,30.3495,7.118e+06,0.000368614,41,0,615000000,0,0,0
30.7527,30.8777,30.3613,5.69441e+06,0.000342191,41,0,616000000,0,0,0
30.7422,30.4207,31.2219,9.01613e+06,0.000398835,41,0,617000000,0,0,0
30.8247,30.7255,30.7232,7.8298e+06,0.000380513,41,0,618000000,0,0,0
30.8005,29.901,30.986,8.06707e+06,0.000384319,41,0,619000000,0,0,0
30.8675,28.7429,30.5975,2.60993e+06,0.000263833,41,0,620000000,0,0,0
31.7454,28.7551,31.3947,1.18633e+06,0.000202856,41,0,621000000,0,0,0
31.7725,28.7929,31.3788,9.01613e+06,0.000398835,41,0,622000000,0,0,0
28.6784,29.5127,30.9183,7.8298e+06,0.000380513,41,0,623000000,0,0,0
28.807,29.5556,32.6782,7.35527e+06,0.000372665,41,0,624000000,0,0,0
29.0738,29.9392,31.9161,6.4062e+06,0.000355893,41,0,625000000,0,0,0
29.3527,28.6764,32.2257,8.5416e+06,0.000391711,41,0,626000000,0,0,0
29.2137,29.2568,29.8347,7.118e+06,0.000368614,41,0,627000000,0,0,0
29.2968,29.0719,30.071,6.16893e+06,0.000351444,41,0,628000000,0,0,0
29.5447,30.0693,30.7217,5.93167e+06,0.000346879,41,0,629000000,0,0,0
29.6969,30.6064,31.4263,4.03353e+06,0.000305034,41,0,630000000,0,0,0
30.3686,30.2581,30.988,5.93167e+06,0.000346879,41,0,631000000,0,0,0
30.4291,29.1294,31.7041,9.2534e+06,0.000402303,41,0,632000000,0,0,0
30.5734,30.4051,31.176,9.01613e+06,0.000398835,41,0,633000000,0,0,0
30.5793,28.8335,31.4283,7.59253e+06,0.00037663,41,0,634000000,0,0,0
30.5285,29.0632,30.4873,7.118e+06,0.000368614,41,0,635000000,0,0,0
30.5654,28.5602,30.6669,6.4062e+06,0.000355893,41,0,636000000,0,0,0
30.6631,30.3148,31.1307,7.8298e+06,0.000380513,41,0,637000000,0,0,0
30.7467,30.881,30.3391,6.64348e+06,0.000360234,41,0,638000000,0,0,0
30.7944,30.5032,30.6313,8.06707e+06,0.000384319,41,0,639000000,0,0,0
30.8257,28.7241,30.9186,6.4062e+06,0.000355893,41,0,640000000,0,0,0
30.7905,29.6753,29.477,8.77887e+06,0.000395305,41,0,641000000,0,0,0
30.8502,29.7216,29.5065,7.8298e+06,0.000380513,41,0,642000000,0,0,0
31.0212,28.6976,31.4942,6.64347e+06,0.000360234,41,0,643000000,0,0,0
31.1559,28.6414,31.7311,8.06707e+06,0.000384319,41,0,644000000,0,0,0
31.1853,28.7784,31.5579,4.9826e+06,0.000327294,41,0,645000000,0,0,0
31.3696,28.7025,31.4957,7.59253e+06,0.00037663,41,0,646000000,0,0,0
28.5453,29.7124,31.3688,6.88073e+06,0.000364472,41,0,647000000,0,0,0
28.6628,30.1131,31.6802,4.9826e+06,0.000327294,41,0,648000000,0,0,0
28.7696,30.1105,31.7326,5.45713e+06,0.000337371,41,0,649000000,0,0,0
28.9365,30.3904,31.7407,8.06707e+06,0.000384319,41,0,650000000,0,0,0
28.9226,30.5342,31.5071,7.118e+06,0.000368614,41,0,651000000,0,0,0
28.9684,30.0664,30.8146,7.59253e+06,0.00037663,41,0,652000000,0,0,0
29.0112,29.5515,30.0786,7.59253e+06,0.00037663,41,0,653000000,0,0,0
29.0598,30.666,31.4667,5.45713e+06,0.000337371,41,0,654000000,0,0,0
29.428,29.3808,31.7867,3.559e+06,0.000292569,41,0,655000000,0,0,0
29.5929,29.3843,29.7511,8.30433e+06,0.00038805,41,0,656000000,0,0,0
30.2497,29.0569,30.8005,7.35527e+06,0.000372665,41,0,657000000,0,0,0
30.2874,29.3316,30.599,3.08447e+06,0.000278941,41,0,658000000,0,0,0
30.5513,30.3185,31.1173,6.16893e+06,0.000351444,41,0,659000000,0,0,0
30.7031,30.919,30.3667,9.9652e+06,0.000412365,41,0,660000000,0,0,0
30.6928,28.7649,30.5654,3.08447e+06,0.000278941,41,0,661000000,0,0,0
30.7321,30.8975,30.2036,5.21987e+06,0.000332409,41,0,662000000,0,0,0
30.8589,30.7838,30.7889,8.30433e+06,0.00038805,41,0,663000000,0,0,0
30.9547,29.7957,29.7672,9.01613e+06,0.000398835,41,0,664000000,0,0,0
31.1371,30.2837,29.9029,4.50807e+06,0.000316555,41,0,665000000,0,0,0
31.2683,28.6457,31.7134,6.16893e+06,0.000351444,41,0,666000000,0,0,0
31.5983,28.7502,31.5635,6.64347e+06,0.000360234,41,0,667000000,0,0,0
31.773,28.8063,31.3766,9.01613e+06,0.000398835,41,0,668000000,0,0,0
28.7843,30.0072,31.703,7.35527e+06,0.000372665,41,0,669000000,0,0,0
28.9413,30.3572,31.7527,7.118e+06,0.000368614,41,0,670000000,0,0,0
28.9911,29.5852,29.9095,6.64347e+06,0.000360234,41,0,671000000,0,0,0
29.3134,29.7064,30.6543,3.79627e+06,0.000298932,41,0,672000000,0,0,0
29.7094,28.9217,30.4992,6.64347e+06,0.000360234,41,0,673000000,0,0,0
29.6889,29.4946,29.9163,6.4062e+06,0.000355893,41,0,674000000,0,0,0
29.7391,29.4695,30.037,7.8298e+06,0.000380513,41,0,675000000,0,0,0
29.7527,29.5616,30.0432,6.88073e+06,0.000364472,41,0,676000000,0,0,0
30.2127,29.8602,29.5642,7.8298e+06,0.000380513,41,0,677000000,0,0,0
30.4185,29.6146,31.1687,4.9826e+06,0.000327294,41,0,678000000,0,0,0
30.5637,28.973,30.8488,5.21987e+06,0.000332409,41,0,679000000,0,0,0
30.5744,31.2489,29.5899,5.93167e+06,0.000346879,41,0,680000000,0,0,0
30.7049,30.6158,31.1137,4.74533e+06,0.000322014,41,0,681000000,0,0,0
30.6403,28.9545,30.4452,7.118e+06,0.000368614,41,0,682000000,0,0,0
30.6893,30.8294,30.0702,7.118e+06,0.000368614,41,0,683000000,0,0,0
30.7087,29.1793,30.9778,5.6944e+06,0.000342191,41,0,684000000,0,0,0
30.7524,29.13,31.0854,6.4062e+06,0.000355893,41,0,685000000,0,0,0
30.8196,29.9231,28.618,6.64347e+06,0.000360234,41,0,686000000,0,0,0
30.9162,30.0642,30.9678,6.64347e+06,0.000360234,41,0,687000000,0,0,0
31.1355,29.0258,31.5883,9.72793e+06,0.000409066,41,0,688000000,0,0,0
31.2095,28.6651,31.6957,7.59253e+06,0.00037663,41,0,689000000,0,0,0
31.6727,29.5003,31.6855,4.2708e+06,0.000310901,41,0,690000000,0,0,0
